First_name,Last_name,Email
Ransom,Cummings,joan@oconner.co
Guido,Kunze,chasity.kunze@stark.info
Stacy,Heaney,darlene@nolan.info
Ima,Kuphal,eudora_spencer@donnelly.io
Flavie,Torphy,jesus@feeneyruel.name
Jess,Rice,cordell@gleasonpurdy.info
Eden,Stark,kameron.shields@kuphal.org
Maurine,Weimann,marco.denesik@abshiredooley.io
Kathryn,Streich,maverick@spencer.net
Damion,Kuhic,camylle.kutch@goldner.info
Marion,Robel,emmet@corkerykuhn.com
Phoebe,Franecki,margret@kihn.info
Kraig,Bruen,jerry_huels@kuhn.io
Erich,Kuhn,nellie@cruickshankpollich.org
Napoleon,Leffler,ben_pouros@schmittschulist.info
Montana,McKenzie,alva_marvin@roberts.name
Brigitte,Greenholt,shea@walter.biz
Percival,Ruecker,jaron@ko.com
Jamey,Roob,rashad_gleason@sipeskilback.name
Ruthie,Huel,quinton_padberg@schowalter.com
Jordane,Sanford,evie.cronin@adamsoreilly.io
Kiera,Leannon,lucious_mosciski@macgyver.com
Justyn,Wehner,kayli@macgyver.com
Alia,Greenfelder,hubert@bosco.org
Mallie,Bergnaum,eleanora.stroman@klein.com
Dominique,Blanda,justice.reilly@williamson.net
Tamara,Stokes,earlene.bahringer@lynchullrich.net
Chanelle,Cassin,bonnie@dooley.net
Noelia,Swift,jana@zboncak.com
Sidney,Purdy,sherman.simonis@hansendibbert.io
Liam,Dare,jadyn@mcclure.com
Shaun,Klocko,lance@nolanmertz.io
Santos,Bahringer,al_denesik@feeney.net
Cristopher,Walter,ike@lesch.name
Adriel,Dooley,jade.murray@turcotte.co
Maxine,Cartwright,joel.ullrich@murray.com
Naomi,Ankunding,eulalia@welch.info
Glen,Kerluke,orville@okunevadare.org
Hank,Corkery,felix@legros.com
Terrill,Klein,boyd@kohler.com
Mossie,Crooks,priscilla.bahringer@wunschcummerata.io
Linnie,Brekke,omer@haley.org
Augusta,Bode,dillon@hillchaden.info
Loyce,Moore,merl.rodriguez@grimes.info
Guy,Ritchie,belle@pollich.com
Nia,Mayert,ebba@lebsack.io
Eliseo,Ernser,enrique.halvorson@feillittle.co
Vivian,Smith,brionna@kling.io
Daija,Nader,jaiden_batz@white.biz
Elza,Raynor,nick@zulauflang.name
Kieran,Moore,lizzie_sawayn@turcottebrown.co
Jaron,Langosh,shanny_spencer@carroll.name
Jaydon,Farrell,maverick_runolfon@stracke.name
Erica,Dach,kira@klein.com
Deontae,Rolfson,kevon.nader@glover.co
Justyn,Thompson,eleanore_collier@beier.net
Josianne,Kutch,toby_gerhold@skileslowe.co
Shakira,Goyette,lempi@reichert.org
Ed,Gibson,loren@mcculloughleffler.net
Caroline,Doyle,elias@rohan.biz
Johnpaul,Cremin,else@anderson.co
Hadley,Gottlieb,garrett@quigley.info
Sedrick,Price,duane@roob.org
Raquel,Ziemann,misael@auerhartmann.org
Marina,Conroy,estefania@okuneva.info
Mckenzie,Dicki,kurt_hirthe@dare.com
Theo,Wolf,lexus.schimmel@kreiger.io
Ambrose,Schinner,ben.parisian@maggiofadel.co
Danika,Armstrong,caterina_toy@howe.com
Toney,Kuvalis,ernestina@yundt.org
Celine,Kuhn,brigitte@mrazdonnelly.info
Celestine,Corkery,caroline_lebsack@sengertillman.name
Harrison,O'Hara,aurelie.ruecker@grantromaguera.name
Ariane,Abernathy,evie@langosh.org
Frankie,Jones,sonia@abshire.info
Madaline,Skiles,chauncey.jacobs@mayertreichel.com
Donald,Schiller,tanner@mooregrant.co
Charley,Schaefer,georgianna.hahn@jaskolski.com
Paige,Shanahan,barney@strackemonahan.name
Genesis,Zboncak,garrett.rosenbaum@wittingfisher.org
Frederique,Mueller,timmy.wuckert@kulas.com
Mallie,Hermann,alec@quigleykaulke.net
Celestine,Hickle,henri.pfannerstill@littledaugherty.net
Verdie,Pfeffer,curt@jenkinchinner.name
Raven,Weimann,lolita@welch.io
Robyn,Dibbert,jazmin@cronaschimmel.info
Henderson,Davis,parker@champlin.biz
Demarco,Morissette,stefan_schmitt@harrisemmerich.name
Rosanna,Schaefer,onie_terry@rempel.org
Edgar,Kutch,rowan@purdy.org
Caterina,Buckridge,imelda_breitenberg@sanfordschinner.org
Dillon,Schultz,ramiro_beer@hane.biz
Vella,Lehner,anthony@bahringer.co
Lyric,Bergstrom,delia_ko@hermiston.biz
Dortha,Pfeffer,miles.parker@zulauf.info
Daphne,Wolff,theron@doylerenner.com
Stacey,Wilkinson,kaci@jerdemoen.io
Amparo,Towne,jerel@hodkiewicz.name
Rahul,Bailey,woodrow.ritchie@hodkiewiczcronin.info
Mervin,Marvin,lourdes@dickinsonmayert.com
Aletha,Macejkovic,howell@carroll.io
Jan,Boyer,marcos.johns@konopelskipouros.io
Sterling,Crona,onie.torp@rutherfordbraun.net
Travon,Jacobi,nyasia@purdybauch.co
Geo,Hahn,alysha.cruickshank@funk.co
Mya,Waters,akeem@moore.name
Sherman,Bernier,cheyenne_kshlerin@romaguerazulauf.io
Junius,Kozey,eddie.tremblay@strosin.co
Ezequiel,Nienow,leora_gorczany@wildermanstark.net
Joshuah,O'Connell,claude.crooks@schultz.io
Luigi,Kerluke,godfrey@raynor.org
Kasandra,Cole,casimer.nikolaus@lebsack.net
Cyrus,Konopelski,dahlia@schiller.com
Darian,Hegmann,julie@herman.io
Melvina,Hansen,jammie.torp@gorczanyfeeney.org
Wilma,Rempel,hosea.shields@schaefer.io
Dolly,Tremblay,eliza_bayer@schimmellubowitz.co
Kay,Emard,liliana@dibbert.biz
Bertha,Bartell,unique.lesch@thompsonkris.info
Karl,Kassulke,toney.bartoletti@schmittwisozk.org
Bartholome,Pacocha,harold@franeckigoodwin.biz
Annalise,Steuber,dominic_schaden@runolfsdottirdaugherty.biz
Laurine,Keeling,stevie@cain.name
Grover,Torphy,reva@torp.co
Jarvis,Boyle,mya@emmerich.com
Talon,Schneider,mathew@howell.name
Kayley,Sanford,myah@weimannrolfson.co
Josue,Goyette,marian_hahn@bruendickens.com
Mitchell,Huels,angelica.schultz@swift.biz
Bria,Heidenreich,wilson@baumbach.com
Jordon,McGlynn,savion_mosciski@hoppe.io
Olen,Heathcote,eric_collier@schummfranecki.net
Sheridan,Stehr,max@steuber.com
Sharon,Cruickshank,kattie_kertzmann@keelinghilll.com
Alison,Botsford,buster_lang@hansen.com
Astrid,Haley,nolan@mrazcrist.com
Lorenza,Grady,kennedy@medhurst.co
Alessandro,Pollich,cortez@reichel.org
Claudine,Willms,iliana.ohara@mclaughlin.name
Gertrude,Kshlerin,domenico.corkery@heaney.net
Omer,Mann,zella@king.com
Karolann,Graham,treie_schoen@abbottullrich.biz
Kenya,Ziemann,raleigh@robel.io
Shanna,Homenick,gonzalo@heaneyharvey.biz
Bernhard,Johns,athena_hansen@lindwisozk.net
Neil,Barton,serenity@hauck.name
Trudie,Nader,georgianna@creminokon.name
Richard,Mosciski,carleton@beatty.net
Maybelle,Boehm,miles_nitzsche@heidenreich.net
Cletus,Fahey,ida.ullrich@larson.com
Kaden,Walsh,kamren_hickle@veumdibbert.info
Leanne,Kiehn,bridget.kilback@hilllheller.info
Kira,Beahan,edmund_goodwin@considineschaefer.biz
Abdiel,Hoeger,kaleb@simoniporer.net
Tyson,Cartwright,miguel@okonullrich.org
Jeanne,Schaden,elda@wunschleuschke.co
Blaise,Hodkiewicz,ophelia_streich@schmelerschmitt.name
London,Harvey,gerhard.kuhic@mclaughlin.info
Buck,MacGyver,erin@lefflerpagac.biz
Jonathon,Hahn,devyn@watsica.net
Robert,Steuber,stephen.greenholt@gaylord.io
Dashawn,Kling,roma_feest@wilkinsonkutch.org
Adah,Upton,mertie@hansenschuster.org
Adam,Ankunding,clotilde@green.co
Adrien,Runte,yvonne@beahan.com
Tyshawn,Runolfsdottir,aric@denesikhoppe.info
Maybell,Lebsack,kendrick_dietrich@klein.name
Yadira,Berge,je@konopelskigutkowski.com
Jackeline,Nicolas,bailey@hagenes.org
Lavada,Cartwright,leif@mraz.com
Davin,McCullough,eugene.gerlach@rennerwehner.io
Chanelle,Lang,darrion_purdy@miller.biz
Elton,Strosin,emiliano@okon.biz
Kathryn,Smith,verner@milltark.io
Logan,Huels,prudence@tromp.net
Aimee,Powlowski,henri@haag.io
Beatrice,Casper,marcel_wolf@gutmann.info
Ernestine,Harber,gilda@bahringer.org
Johnpaul,Wyman,shane_muller@gerlach.info
Skye,Gibson,raymundo.cartwright@collier.com
Agnes,Labadie,floy_metz@franeckiwintheiser.net
Donavon,Schaden,keyshawn@block.co
Carmela,Kutch,winifred@collins.co
Adrain,Auer,arvilla@lakin.com
Tatyana,Kiehn,brenna_mclaughlin@pagacmccullough.name
Emilia,Nicolas,marisa@keler.net
Lyda,Gibson,zora.cartwright@shanahan.net
Kara,Metz,alexie_robel@marquardtmcclure.info
Tianna,Nikolaus,celia_barton@stoltenberg.name
Bette,Franecki,rubye.weinat@erdman.net
Aubrey,McCullough,bart@murphy.info
Merle,Wolf,sydnee@cronin.name
Holden,Morissette,tracey@emardkoch.biz
America,Reilly,molly@bernier.info
Lessie,Gleason,boyd.harris@pouros.com
Cortez,Braun,leonor.harvey@bosco.com
Darren,Jenkins,ursula@schillercrist.info
Trey,Reynolds,karolann@damore.name
Margot,Roberts,zora_bogisich@paucekmann.net
Frederik,Conn,malachi_blick@oconner.info
Shanny,Konopelski,angus_effertz@beatty.com
Loma,Bruen,lourdes.leffler@terry.io
Marlon,Morar,gino.hilll@shields.io
Sebastian,Pagac,samantha_walter@howellkuhn.io
Sabina,Conroy,geoffrey.ruecker@heaney.com
Rafaela,Runte,mellie.jerde@johnszboncak.biz
Dora,Keeling,edd_gulgowski@ledner.name
Jennifer,White,mariam_doyle@gibsonquigley.io
Michale,Becker,nicole@bernierpadberg.co
Dorris,Klocko,sydney@schmidtwill.biz
Aurelie,Hane,jabari@hilllrosenbaum.org
Yazmin,Volkman,tamara_mclaughlin@hansen.com
Yasmin,Waelchi,sabrina@strosin.info
Estell,Miller,janick_johnson@botsford.io
Kasandra,Kris,reymundo@aufderharlubowitz.biz
Alexandre,Cruickshank,ivy.hayes@oconnellhane.biz
Arlo,Schmidt,aleen@jakubowski.com
Timmothy,Muller,lexie@kuphalbreitenberg.net
Samantha,Parisian,kane@kunze.biz
Lowell,Frami,derek@howepurdy.io
Jimmy,Runte,treva@kutchschulist.com
Ottilie,Satterfield,lysanne@klocko.biz
Floyd,Crist,luisa_gerlach@becker.name
Aniya,Mayer,linnea@rogahn.name
Jena,Gorczany,prince@upton.io
Amelie,Ankunding,edythe@cole.co
Tiffany,Ritchie,valerie.wiegand@kuphal.biz
Daphney,Moore,bill.goyette@will.net
Abigale,Thompson,julie.huels@welchhalvorson.info
Kitty,Conn,waldo@williamson.org
Celestine,Monahan,marina.crist@hahndubuque.co
Raegan,Stoltenberg,leone.berge@casper.io
Drake,Gutkowski,deja_ruel@huelslangosh.com
Luciano,Schmitt,jeanne@hand.com
Verlie,Watsica,christina.sipes@roob.org
Foster,Jenkins,ozella@daniel.info
Walter,Cremin,camden@jacobi.com
Dimitri,Kirlin,narciso.bernier@schmitt.org
Elenora,Becker,savanna@franecki.net
Curt,Jaskolski,lillie.sanford@schmidt.org
Lincoln,Hyatt,fabiola_wiegand@reinger.org
Cristian,Mosciski,lauren@boganreilly.net
Shanna,Crona,kayley.brakus@runolfsdottir.co
Adrian,Pollich,therese@raynor.io
Cody,Mohr,tomasa@kling.org
Elmo,Reilly,ernie.blick@spencer.net
Velva,Ortiz,eula@rowevolkman.com
Astrid,Rodriguez,theron_hansen@jenkins.net
Arch,Becker,scottie.strosin@anderson.io
Lemuel,Gusikowski,rickie@wiegand.org
Joaquin,Fritsch,marcus_cremin@tromp.net
Karlie,Fisher,sylvia_franecki@padberg.name
Colt,Koepp,leann.walker@fisher.name
Florian,Nienow,karolann_zulauf@dibbertweimann.com
Ada,Wunsch,antonietta@wunsch.org
Elyse,Littel,trisha@reilly.co
Janis,Gibson,olen@batz.name
Tyrell,Kovacek,buford@berge.net
Amara,Wiegand,aileen.swaniawski@mcglynn.biz
Bernadine,Hammes,melba@cummings.com
Mollie,Leannon,terrence.romaguera@oreilly.com
Tamia,Tillman,holden.rau@cruickshank.net
Afton,Emard,natasha@gislason.io
Marshall,Mosciski,conner_herzog@sporer.io
Isadore,Shields,savannah@hirthereilly.name
Geo,Heaney,eric_bahringer@osinskiwalker.info
Emerson,Kuhic,eva_cremin@lehner.io
Aisha,Lubowitz,hellen@willms.co
Julien,Tromp,emma.casper@heidenreich.io
Adan,Lockman,destiny_rolfson@rice.info
Verna,Walter,iac@rutherford.com
Trey,Denesik,kayleigh_willms@doyledare.info
Creola,Greenholt,asa_kunde@upton.com
Assunta,Emard,beatrice.hahn@wilkinsonlockman.name
Friedrich,O'Reilly,linnea.reichert@hammes.co
Alyson,Murray,lizzie.zemlak@wisozkstokes.name
Judy,Fisher,isabell_boyer@rosenbaumko.io
Marge,Considine,emil.gusikowski@murphy.net
Oral,Fisher,laila@lindgren.com
Paris,Feil,beaulah.fahey@roob.name
Arnoldo,Russel,bud@hammesbechtelar.co
Wendell,Mertz,reynold@mullerlemke.org
Magdalena,Romaguera,eriberto.gorczany@heller.co
Mafalda,Feil,adell_reichert@abernathy.co
Garnet,Jerde,adrien.carter@johnsonrunolfon.biz
Chauncey,Kohler,flo@block.net
Vivienne,Glover,hugh@mosciskimoriette.net
Paris,McLaughlin,april@sipes.biz
Granville,Abshire,brent.king@johnson.name
Earlene,Wilderman,jarrod@okon.org
Marta,Hettinger,domenic@heller.io
Prince,Stoltenberg,torrey.bogisich@hodkiewicz.info
Jaden,Turner,lori_rutherford@homenick.io
Russel,Franecki,nellie.runolfon@schowalterkoch.biz
Anjali,Baumbach,vickie.strosin@oconnell.co
Christina,Bosco,brenna@stoltenberg.co
Vinnie,Pagac,river@nienow.info
Jeremy,Jones,natasha@johnson.io
Shirley,Leffler,calista@waterspollich.com
Erik,Friesen,wilton_bogisich@swaniawski.co
Krystal,Lockman,rico.jerde@willmsconnelly.com
Beatrice,Hickle,crystel_leffler@frami.io
Walton,Pagac,nichole@schiller.biz
Alexandria,Lehner,santa@hane.net
Ora,Sporer,florencio_rippin@durgan.io
Neal,Hauck,myrna_blanda@wolffhansen.com
Alexandrine,Greenfelder,alexane@predovic.net
Angie,Boyer,adam@klein.co
Cedrick,Ritchie,eva_rath@nienow.name
Garett,Yost,kory_medhurst@parisianpaucek.net
Judah,Nitzsche,edison@jaskolski.biz
Leann,Kihn,je_bailey@herzog.name
Felton,Lind,rosalind_reinger@fadelkuphal.io
Jane,Witting,brionna_hauck@abshirenolan.net
Sasha,Casper,eugenia.kreiger@lubowitz.net
Lonzo,Jones,dylan.wilderman@predoviclarkin.co
Cletus,Ullrich,herta@hirthewhite.name
Nikko,Hauck,gina@shields.biz
Destin,Swift,kaylee@raynor.org
Evangeline,Ernser,naomi_senger@lemkestamm.biz
Dessie,Herman,otto.mraz@swiftkaulke.com
Emelia,Leffler,eleonore.carter@kaulkemueller.info
Toy,Mante,foster_west@rice.biz
Domenico,Heathcote,pearlie.leannon@bartolettibeer.io
Dee,Effertz,jeramie@schinner.io
Howell,Willms,keegan.ruel@purdy.net
Kaelyn,Rohan,pearl.heel@mcglynnledner.net
Kathlyn,Schiller,jerald@weimann.net
Sabryna,Renner,pinkie_casper@nicolas.io
Hailie,Trantow,lavern@coleroob.name
Marco,Harber,jayden.renner@littel.biz
Shaylee,Ernser,leon_schumm@rippin.net
Makayla,Bogisich,aisha@feil.io
Deanna,Hammes,desiree.bogisich@beer.info
Helene,Rice,genesis@beatty.net
Astrid,Daugherty,loraine_spencer@macgyver.biz
Rowland,Kulas,loy.parker@gorczanyharber.co
Bradly,Bode,trisha@zemlak.io
Braden,Davis,pablo@kozeytowne.com
Ada,Koelpin,linnie.hand@weinat.biz
Ruby,Marks,alexa@paucekohara.com
Brandon,Spencer,waino.ratke@macgyver.name
Reynold,Sawayn,myrtie.spencer@cruickshank.org
Crystal,Roob,joany@steuber.io
Kristopher,Treutel,verner@purdy.com
Andy,Hermiston,elna.stehr@kunze.com
Erling,Bogan,alyson.johnston@bednar.co
Tony,Mann,alaina@bartell.io
Alyce,Moore,sydni@skiles.info
Hilda,Hoeger,zella_upton@stanton.biz
Rusty,D'Amore,jared.stracke@quitzonbergstrom.name
Mario,Cruickshank,sophie.farrell@kertzmann.co
Janick,McKenzie,hanna@vonrueden.co
Gaston,Heaney,amari.schroeder@wolf.co
Paige,Hartmann,etha@schultz.com
Hertha,Lynch,kendra@luettgen.info
Lou,Haag,kristoffer@lowe.name
Delta,Dare,muhammad.harris@toymitchell.biz
Alexanne,Hammes,danyka_daugherty@bogisichhilll.io
Duncan,Heller,jimmie@gorczany.info
Odie,Wuckert,earlene@kreiger.net
Ashlynn,VonRueden,magdalena_miller@tremblay.info
Broderick,O'Hara,kayla@kshlerinhane.net
Mara,Bednar,valerie.gorczany@haag.info
Garnett,Schoen,laron@hackett.com
Sherwood,Jerde,monica.mohr@ratke.info
Jessyca,Jast,alec@mcculloughmitchell.info
Ryder,Mueller,ruthie@tillmancrist.com
Nikko,Osinski,bennie.treutel@bauchlueilwitz.biz
Efren,Gerhold,micaela@greenfelder.biz
Margaret,Stoltenberg,arlie@jenkinslarson.net
Ally,Quitzon,mikel@sporerrutherford.name
Chesley,Turner,max_bogan@maggio.co
Jocelyn,Jenkins,jabari_rau@rippin.name
Alana,Welch,lisette@beahan.com
Angelo,Emmerich,elmo.block@jones.name
Keshawn,Dach,kirstin@hirthe.name
Kayla,Bogan,andrew@feeney.name
Sister,Leuschke,violette.herman@huel.io
Shawna,Nienow,hanna_rath@gleichnerrunolfon.io
Nathanael,Rowe,savanah@koskiles.co
Ceasar,O'Reilly,lavinia@pagacgrant.info
Alvah,Wolff,bonita_luettgen@kub.com
Leon,Hoeger,layne.will@lynchprohaska.io
Gaylord,Davis,kari@hansen.com
Laurianne,Boyer,mayra.ritchie@carter.co
Annette,Grady,hallie@stoltenbergborer.com
Caleb,Harvey,ebony@mohr.net
Jodie,Kiehn,moriah_terry@rauolson.net
Emie,Hauck,kendrick@gleason.org
Kamren,Nienow,emiliano.mante@kochsmith.net
Selena,Feeney,loy.sauer@mayert.io
Antonio,Gleason,shea.zemlak@mueller.io
Jalen,Huels,theodore_mccullough@murphy.info
Calista,Boehm,kian.hartmann@walterbecker.com
Selena,Moen,ivah.rowe@yundtmcclure.name
Lura,Feest,kaelyn_halvorson@hoppe.com
Linnie,Adams,tamara@bahringer.io
Jana,Skiles,heidi.ziemann@sengerreinger.net
Stephanie,Johnson,orlando.mills@keebler.com
Cecile,Rutherford,eloise_waelchi@haley.info
Tremayne,Johns,janice.kuhic@hansen.org
Anastacio,Leannon,morris@grady.biz
Floyd,Boehm,merritt@kunde.io
Casey,Reichert,shaylee_goodwin@schroeder.name
Katelynn,Osinski,eduardo@howe.info
Marvin,Hauck,breana@dickens.io
Jon,Rutherford,ezra@kris.name
Leopold,Mante,mose@lednerbradtke.co
Keshaun,Huel,porter@lockman.org
Jules,Kshlerin,cole_spencer@yost.io
Marielle,Schuster,elmer@runte.name
Lamont,Wunsch,johnathan@lefflergorczany.net
Leonardo,Muller,bobby@rogahn.biz
Freeman,Morar,candido@upton.co
Enola,Lockman,quinten_price@veum.net
Lily,Jenkins,maxie.parker@abshire.io
Chris,Mitchell,emmy.tremblay@olsongulgowski.net
Kody,Hyatt,vanea.schumm@lynch.info
Jude,Langworth,blaze_emmerich@feil.name
Aryanna,Rempel,trinity_mccullough@rempelfeest.biz
David,Durgan,reie_murray@batzcruickshank.org
Lue,Green,roie@hammes.io
Samantha,Abshire,dorris.mccullough@funk.biz
Kieran,Kertzmann,aurelia_kuhn@gulgowskischimmel.net
Jackson,Carroll,pinkie_bode@wolff.co
Wyman,Schmitt,jeramy@prohaskabarton.org
Eldora,Senger,newton_balistreri@pouros.biz
Chesley,Balistreri,amara.emmerich@lueilwitz.io
Guy,Price,graciela_crooks@rowe.biz
Gussie,Williamson,willy@schaden.co
Jewel,McDermott,juvenal.keebler@rempel.biz
Terrance,Ledner,lauriane.romaguera@dickinsondare.io
Kelsie,Harris,ellis.fay@boganoberbrunner.net
Kay,Considine,clifton_stehr@purdy.net
Yoshiko,Willms,jettie@schroederconsidine.name
Elvera,Brakus,bonita.wisozk@lesch.io
Forrest,Kassulke,eula_roob@moore.biz
Ethyl,Mraz,marcella@ko.info
Gretchen,Adams,kaia@moenbechtelar.com
Karley,Keebler,marlin@jaststehr.co
Francisca,Ritchie,willy.towne@swaniawski.biz
Maddison,Casper,marvin@schinnerosinski.name
Madge,Heaney,gregg.lemke@krajcik.co
Yolanda,Mueller,vada@kaulkeklein.org
Carmelo,Smith,baby.simonis@wunsch.info
Irma,Feeney,clotilde.satterfield@paucek.biz
Jayme,Rau,jennyfer@greenfelder.biz
Tre,Haag,gustave.muller@leannon.org
Unique,Roob,rosetta_volkman@wizadoyle.name
Corrine,Dickens,karli@hudson.io
Clarabelle,Huels,lowell.thiel@windlerjohnson.name
Greta,Abshire,santos@oberbrunner.name
Ansel,Kohler,keenan@huel.org
Rosetta,Cummings,maida_gislason@schneider.name
Gregory,Olson,bart_schultz@schneider.com
Madelynn,Mann,melvin@dooley.info
Gerardo,Senger,celine.hagenes@schmidtsmitham.co
Sage,Kunde,cortney@satterfield.info
Rose,Bogan,joy_beatty@satterfield.org
Taya,Fisher,kenyon@volkmanbashirian.co
Merritt,Harvey,adelbert_quitzon@naderbraun.info
Delmer,Hodkiewicz,ezra@gloverlindgren.co
Emilio,Reynolds,westley.schneider@eichmann.name
Anabel,Stanton,paxton@schaeferhowell.biz
Aryanna,Crona,christophe@hirthe.net
Ricardo,Kuphal,hailie_mayer@sauer.com
Brittany,Kutch,abdullah.keeling@kemmerstamm.com
Rahsaan,Collins,elnora.hilpert@upton.org
Doyle,Littel,elmore_renner@ratke.info
Madeline,Lindgren,sean@leannon.io
Leatha,Kerluke,kaylah@trantow.info
Kristoffer,Russel,terry@schuppe.org
Alana,Harber,alexys@mohr.info
Madisyn,Nader,bennett_weinat@nader.name
Rachel,Rath,aleandro@nicolas.io
Destinee,Kshlerin,armando.tromp@jakubowski.info
Rhiannon,Koepp,tabitha_rau@braunhirthe.biz
Esta,Rutherford,hulda.donnelly@marquardt.info
Lloyd,Gibson,alba_nienow@moriette.info
Dallin,Howe,linnea_will@raynor.co
Jayde,Hane,corene.carroll@hirthe.org
Pierre,Schamberger,eugenia_ledner@williamsonfahey.io
Alberta,Jacobi,walton@ohara.info
Albert,Wolff,yesenia.marvin@ruelbuckridge.name
Lorna,Jacobs,rhiannon@predovic.net
Kevin,Cummings,dock@gulgowski.co
Milton,Heathcote,sandy@breitenberg.com
Elwin,Johnson,nikko.zboncak@lubowitz.name
Reanna,Kuphal,robyn@reichert.io
Taryn,McGlynn,izaiah.rohan@leuschkecasper.com
Paula,Lehner,ola@haag.io
Justine,Hudson,conner.larson@metz.co
Shayne,Gulgowski,imani@mosciskimohr.co
Ramon,Wehner,nannie@mayert.biz
Maryjane,Weissnat,melvin@gusikowski.net
Willis,Wehner,casandra_boehm@lednermills.com
Godfrey,Fay,hunter.deckow@jacobihayes.name
Itzel,Orn,ollie@mclaughlindaniel.co
Clinton,Klocko,vergie.hauck@dibbert.com
Margarette,Lakin,hilda@schimmel.io
Lesly,Towne,jeie@flatleycruickshank.com
Ressie,Koepp,jannie_bartell@ward.co
Nettie,Stokes,brenda@conn.name
Lawson,Koepp,oral@baumbachroberts.org
Jonatan,Fisher,reagan@johnsarmstrong.net
Talon,Stehr,americo_nienow@gradywilliamson.name
Nicklaus,Rau,kari_schinner@gutkowskithiel.co
Leonardo,Nitzsche,shea@blickbalistreri.com
Friedrich,Krajcik,lewis.kuvalis@gibson.biz
Verda,Hudson,andreanne@yundt.io
Lauren,Kuvalis,art@lesch.net
Ivah,Franecki,leslie.herzog@hauck.name
Otho,Rath,pearlie_kulas@heidenreich.net
Melisa,Quigley,catharine.kemmer@raynorkling.co
Cheyenne,Gerhold,anderson@runtehansen.biz
Immanuel,Boyer,alexie.stanton@mullerhilpert.io
Eldora,Rohan,francesca@romagueramacgyver.info
Felix,Crooks,bartholome@keebler.name
Thaddeus,Beer,casper_bashirian@simonis.io
Albert,Raynor,lon_cartwright@bauch.co
Penelope,Koepp,austin_lynch@jacobs.biz
Buster,Collier,winston_cummerata@boganmuller.io
Shannon,Blick,janie_yundt@spinka.name
Cooper,Breitenberg,berenice.yost@lehnerrath.org
Carissa,Beier,alisha.bartoletti@kunze.org
Skye,Gulgowski,ron.casper@stantonschroeder.com
Judy,Krajcik,ivory_koelpin@lind.org
Stephon,Friesen,michael.brown@sporer.info
Caesar,Huels,marcia.legros@mcglynn.name
Dennis,Hermiston,alaina@stiedemannromaguera.org
Francisca,Crooks,nicolette@wilderman.org
Linnea,Jenkins,dulce.homenick@goodwin.net
Felicia,Pouros,anibal@creminnikolaus.biz
Dakota,Reynolds,cleta_boyle@watsica.info
Violette,Schaden,jonas@bradtkejohnston.co
Wilson,Pacocha,lurline@monahan.org
Hans,VonRueden,pedro@schadenjaskolski.name
Isabell,Stroman,marian@ziemann.biz
Dedric,Nicolas,lillian@langoshcormier.org
Xzavier,Davis,berniece@powlowski.net
Nathanial,Zemlak,noah_hoeger@mcdermottnolan.com
Toney,Wolf,sarina.dickinson@nader.org
Zackery,Dickens,josefa@murraylowe.biz
Lucile,Cole,kayley@batz.net
Brent,Pfannerstill,novella.morar@steubershields.biz
Ellie,Ruecker,oral.walter@franecki.name
Teresa,Daugherty,ole_zieme@gulgowski.name
Jude,Pouros,libbie.boyle@haley.net
Shanie,Bernhard,shea.goyette@jakubowskibogisich.com
Paige,McClure,adrien@franecki.com
Kavon,Jerde,odell@white.name
Edwardo,Bosco,webster_schaefer@mcdermott.info
Myah,O'Hara,dahlia_conroy@bosco.net
Lyla,Block,filomena@jacobirempel.org
Barton,Beahan,gilberto@kertzmann.io
Hazel,Pouros,reed.bosco@hoeger.io
Jerrell,Bins,oswald@oconner.name
Jason,Yundt,amos@hilpert.com
Imelda,Kuvalis,graham.roberts@gulgowski.info
Israel,Nienow,roberta_lockman@will.com
Terence,Halvorson,larry@blockturcotte.net
Lela,West,christiana@littel.com
Marge,Stehr,bertha@okon.name
Kiley,Goodwin,antonietta.okon@gibsonblock.co
Carlotta,Kertzmann,tad@heller.biz
Jayde,Grady,major@mertzmurazik.co
Abdiel,Russel,taurean_hirthe@turner.co
Eloisa,Kuhic,morgan@brown.name
Noah,Jerde,benton@mcclure.io
Eugenia,Aufderhar,lyda@krajcik.org
Joelle,Cronin,gerda_hickle@kulas.info
Cooper,Waters,lionel@von.io
Opal,Strosin,jean@haag.org
Titus,Cummerata,katarina_sipes@dachokuneva.name
Lizeth,Maggio,hallie.wilkinson@hermann.biz
Sidney,Sipes,mitchel.turcotte@oconnell.biz
Gordon,Haag,jonathon.crist@kuvalisnolan.com
Krystina,Koepp,irwin_feil@shanahan.io
Burdette,Torphy,macey.macgyver@morar.net
Wilmer,Dach,nico@oconner.co
Alberto,Keebler,erich_powlowski@windlerkuhic.co
Tiffany,Jerde,alexys.kaulke@mayertillman.name
Damon,Rutherford,andres@king.org
Wilton,Reichel,jeremie@kovacek.biz
Rozella,Rau,dorcas@keebler.info
Jerrold,Donnelly,maryjane.denesik@sauerolson.co
Freida,Lesch,rico@sawayn.com
Arno,Weimann,winifred@gibson.biz
Lowell,Swaniawski,arlie.sanford@schaefer.com
Ella,Rutherford,jonathon@lockmanbednar.io
Mozelle,Paucek,shayna@ratke.info
Kaycee,Denesik,elody.zulauf@grant.com
Vena,Kuhic,vilma@abernathy.net
Cristobal,Runte,elmira@upton.net
Genevieve,Deckow,icie.vonrueden@okunevatreutel.org
Angelo,McGlynn,duncan.barrows@zulauf.io
Damaris,Lindgren,danny@krichumm.io
Devante,Jacobs,mohammed@zboncak.org
Vesta,Rosenbaum,lue_turner@erdman.name
Rebeka,Jast,priscilla@fadel.io
Gilda,Hintz,lorena_heidenreich@okuneva.co
Theresia,Bechtelar,veronica_kling@jaskolski.net
Victoria,Kirlin,sheldon.wisoky@runtemohr.com
Zachary,Bosco,rollin.jacobs@abernathyraynor.net
Eveline,Hahn,kaycee@lowe.io
Alda,Rogahn,brent@armstrong.biz
Osborne,Waters,charlie@white.info
Jalyn,Hudson,aryanna.jenkins@sipes.io
Daren,Morissette,coleman@hudson.io
Jenifer,D'Amore,alexanne.hermann@roob.info
Hans,Zieme,milford@denesik.com
Ignatius,Kihn,horacio.windler@reilly.info
Loren,Mayert,josh@nikolaus.net
Curtis,Mitchell,quinn.keler@bergnaum.org
Adrianna,Grady,oceane.strosin@bayer.io
Gilberto,Goldner,ro@ritchie.io
Eliseo,Cronin,edgar.stamm@lehner.info
Elisha,Kozey,aron_hintz@robel.com
Electa,Harris,maurine.armstrong@keeling.org
Fernando,Rice,margarita.yundt@ohara.co
Jalyn,Quitzon,alycia_friesen@kutch.info
Forest,Wilderman,kory.beier@hagenesgerlach.org
Barry,Yost,ocie.conroy@sporer.name
Angus,Donnelly,deie.green@nikolauscummings.com
Wallace,Ryan,madeline_will@reichertstroman.org
Bret,Sauer,maudie_herzog@runolfsdottirspencer.com
Libby,Vandervort,damian@trantow.biz
Cindy,Koch,seamus.muller@satterfield.io
Hilda,Lueilwitz,samir.cremin@lebsackmcclure.name
Laurie,Veum,nathan.orn@collieraltenwerth.co
Eryn,Labadie,jerod_flatley@beahanklocko.io
Edyth,Glover,richard_gorczany@kaulkeboyle.com
Nellie,Krajcik,selena.ledner@lehner.net
Benjamin,Skiles,simeon@wymanwisozk.biz
Hadley,Stracke,rupert@mohr.com
Reuben,McGlynn,ronny.cummerata@ankunding.net
Green,Collier,emely@okon.com
Erling,Hammes,antonia@reynolds.co
Marilyne,Williamson,caria@waters.com
Mustafa,Heller,hailie_keebler@wyman.info
Sherwood,Morissette,nella@greenfelder.io
Jordane,Cremin,harrison@gleichner.io
Fatima,Wuckert,ocie_sauer@hintz.co
Lucienne,Schuster,valerie.turcotte@lang.name
Lois,Bernier,alyon@gleasonbecker.co
Jonathan,Wehner,taurean@purdynader.biz
Ken,Welch,anthony.kihn@rath.info
Mauricio,Bode,fannie.streich@moore.name
Mara,Dare,jay@schowalter.net
Earl,Lesch,joey_durgan@kuhlmankuphal.io
Clementina,Kirlin,loren@heidenreich.name
Muriel,Armstrong,litzy_sawayn@corwinpowlowski.com
Landen,Beahan,lysanne@dicki.name
Oswaldo,Bradtke,jayson@green.io
Ignacio,Bins,nathan_cain@andersonernser.com
Mauricio,Runte,erling@gutkowskitorphy.org
Lelah,Toy,trystan_cronin@krajcik.biz
Filiberto,Berge,april@fahey.com
Ashlynn,Shields,lazaro@hansen.co
Ryann,Terry,darby_schiller@altenwerth.co
Ona,Barrows,darien.schimmel@will.net
Osvaldo,Feeney,fredrick@halvorson.io
Clark,Koch,pansy_ratke@sporer.org
Everardo,Brakus,rhett@nolan.io
Ethel,Carroll,conor.daniel@dickens.com
Allene,Grant,lavonne@stromancasper.co
Maryam,Ferry,turner@hopperunolfon.com
Myra,Dicki,alana_gulgowski@smitham.biz
Wade,Ferry,leila.bruen@lakin.org
Xander,Bahringer,deven.okuneva@tillmanlind.biz
Rickie,Schowalter,caesar@mccullough.name
Orlando,Reynolds,ahmad_kihn@howell.io
Muriel,Lubowitz,berry_bosco@wardaufderhar.com
Ludwig,Gleason,lou.hickle@mills.name
Lesly,Wolf,bart@breitenbergterry.name
Orville,Morissette,rosemary@caintoy.com
Kattie,Strosin,earnest.hauck@carter.net
Edwardo,Rutherford,erna@murphy.org
Reymundo,Auer,jalen@mayert.org
Urban,Koch,mikel_kertzmann@friesen.co
Fern,Schaefer,noemy@walker.io
Leo,Wilderman,francisca.pollich@vandervort.name
Leann,Hermiston,alejandrin.connelly@cremin.biz
Uriel,Lind,melyna@braunmante.org
Kameron,Boyer,raymundo.jaskolski@schummohara.net
Donavon,Herzog,mafalda@lubowitzkilback.io
Velma,Lemke,annalise.mann@gorczany.com
Lemuel,Lind,raphael@murazik.com
Rosalinda,McCullough,ivory@bechtelarreichel.net
Shaina,Hyatt,howard_sipes@sporer.biz
Bernadette,Hettinger,casey_schiller@johnsongulgowski.org
Queen,Turner,gabriel@johnson.com
Ena,Wintheiser,josie_towne@collins.io
Reggie,Kuhic,esther@harber.org
Kimberly,Will,darby@schaeferledner.biz
Sonia,Watsica,jamar.mclaughlin@lefflerbuckridge.io
Ambrose,Nader,general.hodkiewicz@leschwaters.info
Mariano,Kunze,shayne@hilll.net
Janae,Braun,joe@jonesromaguera.net
Ewell,Roob,trevor_moore@daniel.io
Adelia,Mertz,ned@mclaughlin.name
Keira,Larson,eliane_wunsch@williamson.io
Dario,Hickle,lloyd.monahan@whitesimonis.io
Ozella,Blanda,candida.prosacco@mohr.io
Dudley,Mayer,nash_mueller@ernsernader.org
Gregoria,Dibbert,sedrick_pouros@oreilly.name
Cooper,Hahn,grant_morar@swift.com
Romaine,Breitenberg,anna@wuckert.net
Delpha,Cronin,cecelia@maggio.name
Darrell,Hoeger,german@ward.com
Enola,Russel,cristopher_borer@breitenberg.biz
Madilyn,Veum,scotty@fahey.org
Magnus,Keebler,barton.anderson@schuppe.info
Verner,Padberg,paolo.oberbrunner@walkerschumm.org
Fred,Goodwin,kavon.reinger@baumbach.com
Chadrick,McKenzie,maurice@kuhlmanmoen.co
Cristian,Schmitt,jaydon@jacobi.org
Dakota,Effertz,justen_windler@kuhn.co
Evelyn,Tremblay,holly@borer.co
Dane,Kessler,carrie@ryanwiegand.net
Kameron,Russel,maryse@farrell.com
Jaeden,Schinner,josiane@zulaufortiz.net
Ford,Eichmann,isaac@hoppeprosacco.name
Tony,Schowalter,tyree.morar@heidenreich.org
Vincenzo,Carroll,kaden@bogisich.org
Cleveland,Cassin,kenton.hamill@tromp.org
Gennaro,Gorczany,lorenz@strosin.org
Genevieve,Murray,joseph.oconnell@carrollhickle.net
Nico,Vandervort,norene@kutch.io
Ardith,Schmidt,hunter.jaskolski@kovacek.com
Krista,Langosh,dewayne@ferrycrona.org
Katelin,Vandervort,destinee_keeling@reichert.info
Sandy,Wehner,stephen_wolff@barrows.net
Nakia,Ortiz,skyla_weber@lang.net
Alfonzo,Jacobson,dusty.hauck@cronin.io
Leslie,Douglas,luna@barrows.org
Thaddeus,Bailey,selmer.white@walterstreich.info
Kaitlyn,Lakin,florine_dickinson@feestthompson.org
Neil,Conn,aleen@barrowshartmann.org
Celine,Hettinger,celine@harveykovacek.org
Merritt,Feeney,dawn.kuhlman@lemke.io
Cierra,Shanahan,randal@kojohnston.org
Celestine,Anderson,braxton.weber@dickisanford.net
Newton,Dach,garett@bogan.biz
Theresia,Renner,ramiro_roberts@heidenreich.name
Rebeca,Christiansen,palma@nadernikolaus.biz
Nedra,Zulauf,janis@heathcotepfeffer.org
Mac,Mertz,lilyan.monahan@donnellystanton.net
Lucile,Klocko,maverick@koelpin.com
Electa,Heller,ally.bailey@stantonbatz.org
Malinda,Aufderhar,carli_hoeger@weber.name
Lavina,Bauch,berenice.okuneva@schaden.co
Billie,Huels,corene@bartoletti.name
Kamren,Murphy,tyrell@bradtkegoodwin.biz
Dillan,Rodriguez,sheldon_armstrong@kilback.com
Katrine,Yundt,elias_ritchie@ullrich.io
Harmony,Durgan,april_hoppe@zemlak.biz
Wayne,Kirlin,arlie@wolff.name
Marcus,Smitham,kameron@reichert.org
Kamryn,Feeney,nash@hansenbauch.biz
Estell,Nicolas,angela.ratke@berge.biz
Kylie,Stoltenberg,wiley@prohaska.biz
Afton,Osinski,lawrence@kemmeroberbrunner.org
Eula,Pfeffer,elijah_ebert@terrykerluke.org
Donny,Brakus,bailey.towne@koelpin.co
Liana,Bradtke,jamil.hahn@frami.org
Sean,Kshlerin,jordon_mcclure@mann.name
Zoie,Brakus,karen@cruickshank.name
Margie,Morar,elvis@rolfson.name
Joannie,Quitzon,marcelino_emard@raujohnson.org
Gilbert,Stoltenberg,deon.grant@nikolaus.net
Daniella,Watsica,fredy_becker@nolan.net
Gilda,Ullrich,brycen@auerhermann.com
Alicia,Grimes,giuseppe_ko@boehm.org
Mckenzie,Nicolas,kane_kunde@smithbreitenberg.name
Margarete,Hermann,hosea@purdyschmidt.io
Casey,Bayer,ottis_ebert@runolfsdottir.co
Morris,Kshlerin,cecil@rath.name
Mylene,Cummings,jade.hilll@beier.org
Karina,Ebert,eleazar@predovicquigley.io
Destini,Roob,amina.hagenes@shanahangoodwin.info
Avery,Torp,brennan@boehm.biz
Bret,Feeney,ignacio.jenkins@stokes.com
Raheem,Kutch,henry_schamberger@shieldtracke.org
Arturo,Medhurst,kayla@braunconn.io
Quincy,Cummerata,haie@skiles.net
Jeremy,Hyatt,axel.green@jenkins.com
Harry,Lubowitz,alex@quigley.name
Andreanne,Bashirian,irwin@emmerich.org
Roosevelt,Watsica,amparo@kelersawayn.name
Freeman,Sipes,louie.hintz@bartell.name
Elna,Ruecker,creola.flatley@goldneremard.co
Sarah,Russel,vern.wintheiser@stracke.io
Genevieve,Halvorson,edd.gulgowski@konopelski.net
Antwon,Schmidt,jonas.haag@cronasatterfield.com
Myrtis,Treutel,sylvan.west@kaulke.net
Amina,Kihn,queen.hand@ohara.org
Frieda,Leuschke,karina@mohr.name
Garrick,Dicki,patsy_shields@bailey.org
Howard,Toy,kaela_bogisich@cummingsoconnell.com
Ivah,Harber,keeley@leffler.io
Paige,Lebsack,efren.eichmann@jakubowski.org
Jamison,Beatty,elvis@becker.org
Liza,Feeney,charles_miller@hagenes.io
Herminia,Homenick,verner@denesikfriesen.name
Lew,Towne,garett.beier@kirlinlegros.info
Edwina,Dooley,kallie@wolff.net
Elissa,Barrows,antonetta@ritchiemiller.info
Gracie,Hammes,hilma@zemlak.name
Luis,Prosacco,adrien.cummings@prosaccokertzmann.co
Maybell,Tromp,blake_langworth@okonlabadie.co
Clemmie,Vandervort,anabel@mitchellcollins.org
Morton,Schuppe,demarco_robel@damore.io
Uriah,Pollich,maryse_cain@erdman.io
Aletha,Ratke,schuyler@johnston.co
Desiree,Dicki,karen@metz.com
Frederik,Gaylord,fae.wolf@tremblay.io
Ferne,Torphy,jordan_herzog@kuvalis.org
Montana,Aufderhar,jeanie_goyette@sengerstoltenberg.io
Alexie,Beer,dominique@rennerkutch.info
Garland,Nicolas,dandre.reinger@johnszboncak.co
Dessie,Dickinson,aaliyah.brown@sipes.io
Abigail,Borer,jairo@gleichnercormier.org
Casey,O'Hara,andrew_mitchell@kuvalisgorczany.org
Name,Sauer,hobart.ortiz@raynor.info
Mathias,Larson,desmond@rennerherzog.biz
Marjorie,Schaefer,alexis_stark@hansen.co
Lavada,Hoppe,polly@friesen.net
Hudson,Mitchell,elizabeth_kuvalis@ernserbode.com
Janelle,Leuschke,bridget_nikolaus@treutelswaniawski.com
Chadd,Crist,rubye@bins.co
Charles,Kemmer,amelie.shanahan@starkrobel.biz
Ayana,Gleason,kathryne@zieme.com
Marina,Sanford,katlyn_predovic@abshire.co
Gregg,Emard,jean_brown@hilpert.biz
Sandra,Friesen,celine_kub@schumm.biz
Alva,Blanda,xander.mohr@torphy.io
Jaydon,Kreiger,lamar.goyette@schambergerbeier.biz
Helga,Lueilwitz,kyra@predovickris.name
Adeline,Nitzsche,noah@hills.info
Forest,Kiehn,tierra.damore@mullermante.net
Isadore,Reichert,dedric_wuckert@mosciski.io
Crystal,Johns,rudolph.parker@bauch.name
Weston,Cassin,vivien@stiedemann.co
Aletha,Kutch,maye.parker@shanahan.net
Emerald,O'Connell,kadin@trantow.com
Adrienne,Goodwin,rafael.bauch@strosin.name
Catalina,Baumbach,cedrick.bruen@wymanbatz.io
Elwin,Wunsch,kristofer@breitenberg.biz
Marjorie,Gerlach,zander_jacobson@westtillman.io
Leslie,Moore,quincy_pouros@wolff.info
Jayde,Yost,euna@batz.info
Art,Schoen,sid.ullrich@legroshuels.com
Mohammad,Fritsch,thomas.erdman@hauckbreitenberg.biz
Hosea,Dicki,orie@cummerata.io
Ben,Wilderman,chauncey@huel.net
Rory,Ernser,kelton@paucek.net
Bethel,Cronin,stanford.ko@schoencorwin.info
Judge,Balistreri,gustave_abshire@ondricka.com
Else,Yost,laurence@schultz.org
Sigrid,Fadel,freda.gibson@smith.com
Marilie,Hane,moriah.boyer@gottlieb.org
Chadd,Wisoky,itzel@leuschkerunolfsdottir.net
Jordon,Wyman,misael.dickinson@heathcotethiel.biz
Milan,Schmidt,roxane@ebert.net
Herminia,Fahey,rosamond_dickinson@walter.net
Frieda,Brakus,gonzalo.goldner@pollich.com
Wayne,Steuber,quentin_goodwin@krajcikkoepp.info
Sheila,D'Amore,vivienne@howellsatterfield.info
Laury,Reynolds,breana.osinski@douglas.io
Gaston,Reinger,asa.simonis@raynor.org
Domenic,Gerhold,jarrett@towne.biz
Kacey,Batz,vincenzo.breitenberg@bradtke.co
Miracle,Stokes,chadd_stokes@whitearmstrong.com
Jayce,Murphy,caterina@mueller.co
Benny,Ferry,gene.torp@glover.info
Harmon,Tremblay,pasquale@sauerbradtke.info
Jeremy,Stehr,junius@marvinohara.info
Earlene,Lindgren,destinee.gerhold@reichel.io
Yazmin,Dooley,effie@leannon.name
Nolan,Bode,name_conroy@schaefer.name
Janis,Gottlieb,abagail@schmeler.info
Vincenzo,Farrell,cicero.stiedemann@langoshschaefer.io
Kyla,Tillman,faustino.haley@yosthaag.org
Dolly,Upton,greyson@hyattrippin.biz
Pedro,Wintheiser,reanna_mante@wizawuckert.co
Amelia,Abshire,josie@schroeder.com
Janessa,Von,dereck@rippindare.net
Anissa,Mills,frederick@wyman.net
Naomie,Parker,eleanora.ziemann@hoeger.info
Eda,Little,theodore@sipes.io
Antonietta,Rolfson,abigayle@osinskiokeefe.net
Lacey,Casper,mollie_durgan@kuhn.net
Jerod,Nitzsche,lenny_lang@hand.com
Rex,Mohr,chandler@kilbackgerhold.name
Antwan,Gusikowski,august@ricefay.info
Nicole,Erdman,jaylin@haag.net
Oceane,Beahan,heidi.little@bednar.org
Therese,Gottlieb,ari@ledner.name
Catherine,Blanda,opal@moriette.com
Dallas,Jakubowski,jasen@lubowitz.biz
Rosina,Dicki,deven_lockman@christiansen.co
Penelope,Howe,kiley@harber.com
Dejon,Hartmann,oliver@powlowskiframi.biz
Maryjane,Anderson,dante_reichert@okon.com
Gunner,Schaefer,nathan@trantow.name
Vicky,Bogan,terrill.schinner@mullerprohaska.com
Kaylin,Grimes,leann@hoeger.co
Vicente,Effertz,elza_lueilwitz@rath.info
Damion,Beatty,linnea@bartellbraun.biz
Miller,Fisher,oceane@moorebarrows.info
Haylee,Collins,nova@mcglynn.com
Gregoria,West,franz@gislason.net
Freeda,Kassulke,zachary@larkin.org
Domenick,Kunde,vida_carroll@considine.io
Annamae,Nader,arnold.emmerich@thompson.com
Brandon,Windler,alfonzo@mannwest.net
Camylle,Lesch,chelsie.boyer@cremin.net
Sandra,O'Conner,cydney@bogisich.com
Taylor,Braun,linwood_mraz@berge.org
Riley,Padberg,cecil.schaden@heathcotemoriette.name
Juwan,Bruen,ora_frami@green.com
Alfreda,Yost,rylee_gislason@strosinmcclure.io
Vern,Quigley,sammie@hyatt.biz
Linwood,Walker,connie@swaniawskigreen.org
Roxane,Monahan,sammy_walker@gorczanymarvin.info
Antonette,Sawayn,marlee@johnston.name
Christopher,McDermott,marcelino@ritchiecrist.co
Easter,Sauer,rita@schambergercronin.net
Felix,Johns,joel_moore@stoltenberg.org
Marianna,Shields,odell.kirlin@bogisich.co
Missouri,Zulauf,leonard@kuvalisbotsford.net
Giovanna,Daniel,caden@runolfsdottirboehm.net
Rafaela,Kuphal,solon@bauch.name
Ariel,Williamson,duncan@monahan.io
Vicenta,Wuckert,skylar_hermiston@satterfieldglover.biz
Kenya,Turner,hilario@shanahan.co
Euna,Pfannerstill,raymundo.gulgowski@crookshintz.info
Elissa,Lang,arvilla.ziemann@kiehn.net
Bailey,Mayert,lenora_murazik@jaskolski.info
Bryce,Dietrich,georgiana@bernier.org
Markus,Howe,darrion_brown@osinski.com
Vernice,Hartmann,karina.davis@gerlach.biz
Dolores,Larson,consuelo_beier@gerhold.net
Coty,Batz,london.rosenbaum@denesik.io
Kaylah,Langosh,evie.kulas@daniel.info
Brycen,Bartell,perry_aufderhar@murraybartoletti.com
Quentin,O'Connell,vernice_maggio@hickle.co
Pete,Kuhn,arnold@conroy.io
Caroline,Kulas,milton_kulas@oconnell.com
Janick,Nolan,bernice_roberts@hodkiewicz.biz
Jamil,Stamm,sophia@johnston.biz
Rachel,Beahan,lamar.armstrong@gorczany.org
Zachary,Huel,willis.dooley@mannhintz.info
Aletha,Cruickshank,kyle@tillmanstokes.com
Kitty,Denesik,terry@dooley.biz
Jason,Haag,willard_rutherford@coleking.com
Armand,Hackett,laurence_kreiger@willgerlach.net
Ottis,Bernhard,maryse@mohr.info
Rocio,Rodriguez,sabrina@berge.org
Rae,Leuschke,connie.pouros@blandastokes.net
Branson,Mertz,angelina@emardbechtelar.io
Makayla,Ernser,murphy_mayer@bogisich.name
Hope,Casper,brigitte.lynch@dickinson.co
Luz,Johnson,grady@hammes.io
Eleanore,Schuppe,annalise_brown@kuhicconn.biz
Maeve,Zboncak,narciso_wunsch@mayerjohnston.biz
Kamren,Armstrong,maribel.rogahn@green.name
Duncan,Keebler,aniya.hand@bergstrom.name
Martin,Hettinger,dino@deckow.io
Charlie,Baumbach,hollis_treutel@stehr.io
Evert,Cole,meagan.dickens@cain.info
Zakary,Halvorson,alexie.reichel@oconner.io
Emmet,Pfeffer,leopoldo@harvey.info
Gust,Johnson,haie@feeney.biz
Elfrieda,Fisher,dean.rosenbaum@lebsack.co
Omari,Mann,landen.romaguera@kaulkecole.net
Kayden,Kutch,garrison_sanford@ziemegaylord.com
Tom,Wiegand,jazmin_mcclure@marquardtrodriguez.info
Chaim,Spinka,teie_wunsch@ebert.com
Carley,Nicolas,earl_harvey@veum.name
Brayan,McKenzie,conner@wisoky.info
Candido,Haag,aron_bashirian@stromanbraun.biz
Lizeth,O'Hara,serena@hermann.co
Arden,Quitzon,zachary_durgan@stromanvandervort.info
Jayde,Cruickshank,leanna@yost.name
Josefa,Beer,maxie.dubuque@zieme.net
Hayden,Marks,stacy@kunze.com
Golda,Ratke,miracle_pfannerstill@kingmosciski.org
Coy,West,camila.casper@ruecker.io
Jeramie,Mayer,armand_roob@rippin.co
Markus,Casper,maxime@stoltenbergfarrell.net
Amya,Volkman,william@grant.net
Erwin,Dach,misty_upton@steuberruecker.org
Krystal,Romaguera,kayden@braun.info
Marianne,Bosco,maximus.smith@nader.biz
Hiram,Rodriguez,rafaela_goldner@turcotte.name
Malinda,Cartwright,stephania_batz@hyatt.org
Cristina,Green,clementine_hodkiewicz@waters.co
Tillman,Ritchie,maxine_hoppe@leuschke.com
Kathryn,Hagenes,lenore.bahringer@schinner.biz
Eleazar,Heller,damian_damore@wieganddenesik.org
Therese,Spinka,arvid@osinski.net
Aileen,Ondricka,candida@cormier.io
Jaiden,Hegmann,price_schoen@kunde.biz
Martina,Dare,laria_upton@rosenbaum.info
Daniella,Schulist,solon_schaefer@okunevamoriette.co
Iva,Frami,lauren.kuhlman@balistrerikutch.com
Verdie,Krajcik,lorine@breitenbergmarvin.name
Lonzo,Nikolaus,dina.howell@browngusikowski.io
Elyssa,Parker,gregoria@reichert.biz
Fermin,Jerde,norene@durgan.net
Randy,Welch,raymond@heaney.info
Josianne,Ullrich,fannie@dickicrona.name
Larissa,Green,brock@keebler.name
Aniya,Hamill,bailee.boyer@bernhardreynolds.io
Nora,Hodkiewicz,elian@runtewindler.name
Tia,Doyle,will@whitecruickshank.net
Anna,Murazik,jeremie@dach.com
Elias,Emard,erna@mclaughlin.name
Darron,Feeney,wilburn@prohaska.name
Berniece,Rosenbaum,lonie@batz.com
Fredy,Crist,brooklyn@weinatkshlerin.biz
Alice,Sauer,irma@walsh.biz
Nella,Hodkiewicz,je.streich@abshirelakin.net
Cali,Dach,evalyn@stokes.com
Hank,Champlin,lue@schmelerlubowitz.info
Ron,Leffler,jarred@lindgrenlehner.com
Stella,Mante,bonita_daniel@schumm.info
Roel,Dickinson,zaria@mraz.net
Ines,Trantow,maybell@lowelemke.net
Travis,Mayer,jimmy.heaney@bashirian.com
Jamir,Reilly,leopoldo@macejkovic.biz
Garrick,Morissette,zackery_prosacco@christiansen.co
Margaretta,Kulas,caden@reilly.name
Ariel,Leuschke,jacquelyn_douglas@greenholt.io
Hadley,Goldner,constantin.halvorson@cummerata.co
Jeffry,Koss,jaleel.lubowitz@dietrich.name
Kelsi,Hauck,aleandra@maggionienow.com
Paxton,Lind,jason_bailey@ruel.io
Ernesto,Schoen,willard@gerlach.biz
Annamae,Schuster,gudrun@bernhardblanda.net
Boyd,Erdman,america_rath@gaylord.info
Lempi,Kling,sherman@kiehn.com
Sallie,Padberg,cicero.dicki@durgan.net
Alice,Effertz,minnie@pfeffer.biz
Alden,Grady,joey@wardkuhlman.biz
Naomie,Langosh,genesis@anderson.com
Nia,Hayes,mariela@bayer.org
Lourdes,West,shany@schmittschowalter.biz
Emmalee,Gleichner,carolanne@boyerwuckert.org
Audreanne,Rolfson,brisa_walker@vandervort.org
Hadley,O'Connell,ian@dach.io
Hillary,Ritchie,theron@ernseremard.co
George,Harris,kolby@emmerich.info
Marcia,Glover,amaya.wisozk@shanahan.com
Donny,Stoltenberg,eldora@goyette.io
Chelsea,Parker,stuart_schultz@cronin.name
Brannon,Gusikowski,romaine@muellertoy.org
Sydnie,Beer,adaline_lang@skilesklocko.co
Keshaun,Kohler,ryley_mcdermott@corkery.io
Maurice,Boyer,lulu.williamson@hirthehodkiewicz.biz
Libby,Lubowitz,ferne@sipechneider.co
Allie,Hagenes,lorenza.connelly@hoppe.com
Broderick,Kunze,hector@kunze.co
Lenny,Sauer,julian@brekkeeichmann.io
Seamus,Dibbert,jaqueline.hintz@cremin.io
Kurtis,Hansen,ana_welch@nolanhahn.com
Viola,Konopelski,silas@rau.net
Hope,Buckridge,karen@douglas.co
Karen,Bahringer,armani.ortiz@mcclureklocko.name
Myra,Labadie,catalina@fadelgleichner.info
Allen,Stroman,darren.welch@reynolds.org
Maxime,Koch,erick.quitzon@waelchiparker.com
Beverly,Zemlak,eloisa_mayert@zboncak.net
Stacey,Swift,vallie@harber.org
Martine,Barrows,lisandro@boehm.biz
Lenny,Kovacek,cale_metz@swiftlarson.name
Lera,Kassulke,loy@skiles.org
Virgil,Schuppe,holden@kerluke.co
Floy,Wisozk,morris@mannkuphal.org
Nasir,Hoppe,quincy@parisianblock.io
Raheem,Little,jasmin@bradtke.co
Andres,Rau,enoch_jerde@lakinnader.co
Margarete,Hettinger,lera_durgan@johnston.io
Ivy,Auer,willis_moriette@tillmanmedhurst.biz
Horacio,Sanford,shanny_rau@lowe.io
Jalon,Dicki,marcelina@beattywaelchi.io
Alberta,Dibbert,kendrick@vandervort.biz
Owen,Mitchell,ernestine@lebsacklabadie.biz
Robin,Upton,bradley_boyer@batzgibson.name
Destini,Wiegand,rebeca_reynolds@sawayn.io
Amina,Miller,rachelle_lockman@walshglover.org
Melvin,Koss,lindsey@goyette.co
Burdette,Monahan,aric_kirlin@wisozk.info
Deangelo,Bauch,daniela@buckridge.org
Ahmad,Doyle,antoinette@hickle.org
Lawrence,Kuhic,jacinto@lueilwitz.info
Anissa,Dietrich,trenton.von@sipes.info
Dorothy,Cummings,sarai.hirthe@dickinsonkshlerin.net
Tyrell,Veum,vince.friesen@prohaska.biz
Mekhi,Frami,ulises.ohara@deckow.io
Beth,Altenwerth,tyshawn_funk@macgyverkirlin.name
Phoebe,Bins,renee.beatty@weimannullrich.io
Vaughn,Hagenes,sienna@steuber.com
Maybelle,Brown,anastacio_frami@steuber.info
Haskell,Torp,elwyn@eichmannmurray.com
Johathan,Gulgowski,rickie.pfannerstill@nader.co
Dovie,Berge,dixie.dooley@moriette.com
Mellie,Pollich,merle.koelpin@paucek.co
Emely,Langosh,uriah_bosco@hahn.com
Brenna,Casper,kathlyn@smithhettinger.info
Wanda,Schuppe,turner@emmerich.name
Stewart,Thompson,pierre@okeefedietrich.biz
Izabella,Gleason,alan@johnston.io
Laurie,Quitzon,caleigh@johnston.org
Dewayne,Haley,chaya_schiller@champlin.co
Vernie,Morissette,geraldine@armstronglangosh.name
Dejah,Strosin,spencer_reichert@feest.com
Delia,O'Hara,ophelia_zemlak@nader.com
Emmitt,Williamson,zoey.bogisich@cummerata.io
Mack,Adams,elise.mohr@kovacek.info
Iliana,Homenick,etha_gottlieb@mcdermott.biz
Nyasia,Dicki,maverick_reichert@gutmannschamberger.info
Arne,Kirlin,gretchen.klein@little.info
Dexter,Hammes,giles.johnston@schusterjaskolski.co
Roselyn,Gaylord,rosalia@brakuskoepp.biz
Harmon,Lind,anjali.abbott@predovic.biz
Maximus,Hessel,tyler.hansen@stoltenberg.info
Helene,Ullrich,vern_hammes@kubhayes.co
Monserrate,Goodwin,braxton@altenwerthskiles.org
Johnnie,Fisher,hubert.gaylord@kemmer.name
Mireille,Bode,fausto@muller.name
Mittie,Price,alisa@oconnellortiz.net
Ebony,Roob,yesenia.oberbrunner@paucek.biz
Hope,Bradtke,garnett.koelpin@bartell.io
Haleigh,Ortiz,newton_trantow@ferry.name
Thalia,Jaskolski,clifton@klein.org
Helmer,Turcotte,lloyd.gislason@mckenziekris.co
Waylon,Witting,henriette@leuschke.com
Adolf,Hamill,william.labadie@abbott.biz
Carissa,Ernser,natasha@mclaughlinkeebler.net
Kale,Volkman,mortimer_skiles@goyette.biz
Laurence,Mann,arlo@wiegandmoore.io
Junius,Crist,dangelo@feil.org
Yasmeen,Considine,eugene@jakubowski.org
Alexzander,Hyatt,andreane@medhurstko.name
Danyka,Wunsch,griffin@hackettkuhn.co
Vernie,Nader,kolby@greenbogan.co
Florencio,Shields,kevin@heathcote.net
Kenya,Robel,kaandra@boylekreiger.com
Leslie,Schinner,percival@larkin.biz
Mckenzie,Rippin,sydnie_frami@goyetteklocko.io
Friedrich,Veum,elvera@braun.name
Cullen,Cronin,keanu@langosh.io
Kathryn,Crooks,scottie_greenholt@bruen.io
Parker,Feeney,eloy@daniel.biz
Karine,Russel,elvie@millerokeefe.co
Kenton,Parker,abigayle@hyatt.io
Mathilde,Wiegand,garrison@andersonmaggio.info
Shaniya,Olson,lori_gibson@schneider.biz
Sandy,Conn,loy.baumbach@murazik.biz
Lenny,Sporer,sofia.heidenreich@greenfelder.biz
Kristina,Hahn,lauryn@pfannerstill.co
Maia,Hilll,nelle@ko.biz
Nelda,Osinski,sam_macejkovic@toycremin.name
Bulah,Feeney,jarred@auer.com
Abner,Cruickshank,maryse_graham@lehner.biz
Martin,Doyle,annabelle@bergstrom.co
Shea,Wisoky,anahi_crooks@krajcik.io
Nichole,Fay,cooper@hintz.io
Monroe,Stokes,iliana@towne.io
Cleta,Lueilwitz,alexanne.nader@nader.org
Adelia,Champlin,danyka@padberg.com
Felton,Donnelly,claudie@brown.com
Megane,Bartoletti,ibrahim_welch@mertz.com
Wilson,Zieme,dock@kunde.name
Adelle,Reinger,heloise_becker@leuschkebahringer.org
Edd,Johnson,deontae@breitenberg.info
Kaylah,Gottlieb,bernard_langworth@cummings.co
Valentina,Bode,rickie.wisoky@lockman.biz
Herta,Hansen,woodrow@jaskolski.io
Shaniya,Padberg,bernice.roob@altenwerth.name
Jedidiah,Wilderman,maximilian@abshire.org
Amber,Johnston,rubye@walshking.net
Vladimir,Jast,stacey@leannonmorar.name
Moises,Kautzer,jamaal@hettingerheidenreich.biz
Chad,Zieme,donnell_pacocha@goodwin.org
Aubree,Bednar,nelda.witting@franecki.net
Icie,Herman,naomi_yundt@beatty.net
Marjorie,Parisian,deron@larkingreenfelder.info
Lucious,Aufderhar,floy.vandervort@hansen.org
Dudley,Schoen,kaycee@kilback.co
Winifred,Tillman,christopher.reinger@dare.com
Flavie,Bogan,marion@wunsch.name
Itzel,Hintz,alan_kilback@jacobsdooley.net
Zack,Crona,andreane.mraz@gibson.net
Asia,Kuhlman,javon@kaulke.net
Janis,Conroy,duane@douglascorwin.name
Keely,Schoen,emanuel_will@barton.org
Jeanie,Carroll,hilma@parisian.info
Nathanael,Welch,brenna@zulauferdman.info
Mae,Corkery,joanie.hoppe@beahan.org
Camden,Orn,elouise_roberts@kovacekbauch.name
Domenic,Ziemann,jovani_bode@mayert.net
Ola,Schiller,wiley@hermann.name
Theodore,Emmerich,eugene@abshire.biz
Ole,Wunsch,luna_torphy@welch.org
Irma,Romaguera,candido.jones@ohara.info
Genesis,Harber,maggie@walterdurgan.info
Elias,Jenkins,elenora_grady@swiftfranecki.co
Graham,Labadie,flo@gaylord.org
Virginia,Kshlerin,lindsey@millercain.org
Emile,Sipes,filiberto@ebert.net
Doris,Renner,reie@keebler.name
Cheyanne,Hermann,ayana.dietrich@cartwright.info
Soledad,Hahn,cullen@hand.name
Coby,Towne,britney@hegmann.org
Domingo,Osinski,moie@padbergmclaughlin.biz
Micaela,Wintheiser,kory.shields@schulistmcclure.io
Deangelo,Champlin,eldred@rice.org
Ramiro,Robel,patience.hammes@paucek.io
Lindsay,Rempel,gilda@luettgentorp.com
Adelbert,Grant,edd@aufderhar.net
Dudley,Bosco,ellsworth.romaguera@bernhard.org
Casey,Kutch,jason.gaylord@kothompson.biz
Brant,Homenick,weston@hammes.org
Jakob,Eichmann,lewis_monahan@kiehn.io
Christelle,Mills,mattie@abshirebuckridge.info
Jabari,Kassulke,annalise_brown@tromp.info
Lindsay,Conroy,ciara@wisozkaufderhar.biz
Jayden,Reichel,anya_oconnell@rogahnveum.info
Leonor,Mayer,marcia@boyer.co
Tabitha,Nikolaus,salvatore_hahn@kuhic.info
Kim,Hartmann,neoma@beahanlittle.io
Dagmar,Robel,tabitha@sawaynfahey.biz
Sonya,Pfeffer,maria@lebsack.co
Alvah,Ratke,elliot@macgyverbednar.name
Meta,Pfannerstill,eve.vonrueden@whitelueilwitz.info
Kayleigh,Welch,bettye@monahan.co
Shany,Lubowitz,nathan.lebsack@cartwright.com
Lorenz,McGlynn,zachary.erdman@oberbrunner.name
Shanelle,Rath,isadore.torphy@lowewilliamson.io
Amalia,Kovacek,dandre@halvorsonmccullough.biz
Bill,Labadie,kaela@romagueratromp.com
Bernita,Goldner,abel.dicki@harris.info
Coleman,Quigley,jarod.stiedemann@rowe.com
Lavada,Zemlak,shannon.effertz@franecki.co
Joshua,Crona,jamey.quigley@thompsonlittle.com
Taya,Simonis,triston@jakubowskiwuckert.biz
Kylie,Jenkins,roxanne@tillman.net
Jaylan,Jacobi,mariah@pagacgulgowski.biz
Tyler,Rohan,markus@daniellakin.name
Ulices,Weissnat,lorenza.wiza@spencerhoeger.biz
Fern,Anderson,ryleigh_bauch@abshire.info
Gilberto,Thompson,wade@torp.info
Ivy,Thiel,robbie_stanton@marquardt.co
Erling,Adams,keshawn_gibson@howe.com
Dana,Lesch,kaela_oreilly@romagueraharber.biz
Eliane,Shields,alda@runolfon.biz
Nyasia,Effertz,brook_cronin@stoltenberg.io
Robin,Boyle,kimberly_dietrich@lindgrenschuppe.co
Dan,Beier,brayan@marquardt.io
Gudrun,Greenfelder,trycia@bartonrodriguez.org
Jerod,Schulist,allene_graham@morar.com
Wilber,Bernhard,sibyl.kertzmann@schmelerokeefe.biz
Nayeli,Daniel,meta@wyman.org
Liza,Nader,destinee.labadie@lakin.org
Rickey,Heller,joshuah_kris@jacobs.org
Caitlyn,Stamm,merl@koepp.com
Marques,Fay,rose@von.net
Annabell,O'Keefe,pasquale_sporer@sporer.info
Josefina,Schneider,cecilia.ruecker@danielgoodwin.org
Odessa,Barrows,korbin@schumm.name
Patrick,Bayer,gunner@haag.biz
Annetta,Smitham,kali@jones.co
Willy,Mohr,albertha.mills@rueckersmith.io
Jarrett,Grimes,verner@becker.name
Faustino,Stanton,woodrow_davis@thielcarter.com
Kelton,Nitzsche,colton_klocko@crona.info
Suzanne,Harvey,chyna.spinka@von.co
Evan,Swaniawski,johnpaul_mann@wisozkmarks.name
Mikayla,Ritchie,danny_rohan@gislason.io
Erika,Towne,kathryne_nikolaus@rempel.info
Garett,Tromp,kristian.mosciski@conroy.biz
Kristoffer,Roberts,leo@herman.co
Ara,D'Amore,eliseo_mccullough@stanton.biz
Camilla,Gusikowski,macey@paucek.info
Sierra,Bosco,greyson_dietrich@handreinger.org
Alek,Sanford,vincenza_volkman@weimann.org
Cassie,Langworth,torrey.reynolds@erdman.com
Louisa,Ondricka,xavier@stamm.info
Russel,Bauch,annette_leuschke@jakubowskiglover.name
Dorcas,Koepp,dangelo.gerhold@sengerpouros.io
Kameron,Lesch,ellis@rogahndouglas.net
Giovanny,Torp,jennyfer@feeney.com
Ole,West,parker_gislason@dach.name
Mozelle,Morar,newell.zboncak@colestoltenberg.net
Janie,Ortiz,heloise.leannon@wunsch.name
Hilma,Reichert,adela@luettgen.net
Rashad,Dach,elena@koelpin.io
Kris,Rutherford,joannie@bauch.name
Brennan,Herzog,stacy@oreilly.com
Maudie,Ziemann,baron_jerde@reichert.io
Clark,Hand,jaron@littleoconnell.biz
Rosina,McGlynn,kim@connelly.org
Nathaniel,Kulas,vesta.wunsch@swift.com
Felicita,Hirthe,eve_prosacco@stroman.biz
Foster,Fadel,malvina@fritsch.org
Mallie,Hilpert,fabian.cronin@howeheller.com
Tabitha,Steuber,keven.roob@breitenberghamill.info
Otha,Schimmel,garland@franecki.biz
Jayde,Mann,payton_rogahn@stokeslittle.net
Benedict,Sipes,dino_hahn@tromp.org
Flossie,Weimann,curtis@kingkautzer.net
Leo,Romaguera,ova_kuvalis@predovictreutel.org
Earnest,Jast,cicero.barrows@johns.name
Zander,Fadel,crystal_kshlerin@bruen.net
Korbin,Block,maudie@reichertmacejkovic.name
Selena,Rau,mafalda@lindgren.name
Conrad,Torp,kaci_hilpert@davis.name
Crystel,Kuhn,natasha.hickle@kulas.io
Kurtis,Simonis,tony@corkery.co
Harrison,Romaguera,daphne.graham@torphybode.io
Felipe,Hudson,alisha.brown@wiza.net
Aurelio,Roob,golden_corkery@kuphal.com
Grover,Brown,emelia@nicolaskilback.org
Camylle,Olson,filiberto@murphy.io
Alfonzo,Breitenberg,trea@champlin.net
Juana,O'Reilly,alivia_runolfon@kuvalis.name
Geo,Koepp,tyreek@grimes.name
Reece,Sanford,zachariah.torp@harber.io
London,Zieme,stephanie@koelpin.co
Jeff,Schaefer,emely@auer.net
Judah,Leuschke,alivia@moen.com
Jolie,Yost,reie.glover@gusikowskidouglas.io
Margarita,Bechtelar,teresa.kihn@adams.com
Abbie,Schumm,fabiola@swaniawskikeler.info
Stan,Paucek,joana_bartoletti@blickcrona.biz
Charity,Kassulke,minerva.breitenberg@legros.net
Brycen,Hyatt,maria@haley.info
Carson,Schumm,ismael.lubowitz@dickens.net
River,Moore,kitty_oberbrunner@yostherzog.biz
Shany,Wehner,freida@wittingwalker.biz
Hosea,Denesik,vita_oberbrunner@franecki.info
Ashtyn,Goldner,rosella@rogahn.co
Ezequiel,Hand,margarette@gulgowskivonrueden.org
Loma,Effertz,evie.schaden@stokes.co
Norene,Vandervort,vesta@thiel.info
Rudy,Leuschke,denis@spencer.biz
Casimir,Shanahan,lacey_olson@harveytrantow.io
Stanford,Bruen,karley.runolfon@cummerata.io
Olga,Monahan,crystel@satterfield.biz
Dante,O'Kon,baron@nader.info
Cornelius,Little,barrett_ward@littelmacgyver.io
Sharon,Pagac,eryn@robertstrantow.com
Ted,Lueilwitz,thelma@vonruedenheller.co
Jevon,Nikolaus,leland.lubowitz@williamson.biz
Asia,Mayer,isobel@gulgowskimetz.co
Kyler,Dicki,cornelius_boyle@bayer.biz
Rollin,Weber,delia@hansen.info
Edna,Carroll,joyce@kilback.biz
Amparo,Kirlin,briana@armstrong.co
Alexa,Wuckert,dax@altenwerth.info
Ryann,Reichert,antwon.reinger@mraz.biz
Queen,Kuhlman,jaida_bayer@legrosdaugherty.name
Jessyca,Hahn,claudia.hills@torphy.com
Kavon,Stokes,wilber@mcglynn.org
Amya,Larson,ernestina@hauck.io
Jillian,Jacobs,osborne@hyattdietrich.net
Jefferey,Hayes,jake@leannon.info
Aniyah,Zboncak,brady@hand.info
Myrtie,Renner,mollie.jast@swaniawski.io
Damien,Schuster,madge@walker.name
Sage,Moen,rita.nader@romagueraschmitt.biz
Julius,Howe,nedra@cummerata.io
Lambert,Grady,ezra@williamson.biz
Jace,Mohr,alycia.feest@hartmann.io
Maxime,Turner,arielle@crist.co
Sophia,Kovacek,alyce@hayes.biz
Alden,Kautzer,orland@goodwin.info
Harrison,Crist,theresa.krajcik@gleason.info
Dessie,Jacobson,kirk.schmidt@connellynader.biz
Broderick,Howe,madalyn.nolan@schowalter.info
Rod,Hilll,jammie@wiza.com
Brielle,Hermann,arch.hamill@collier.co
Perry,Mills,sarah@cruickshank.co
Allison,O'Hara,tod_gleichner@considine.org
Hilma,Veum,lilyan@jaskolski.net
Janae,Kunze,destinee@schneider.net
Patience,Trantow,aric@vonmitchell.biz
Fabiola,Hauck,merl@ohara.io
Jesus,Durgan,mariam@aufderhargraham.org
Dylan,Hermiston,jaden.langosh@hauckfriesen.co
Dino,Trantow,jarred@bergnaum.co
Jeanie,Douglas,aylin@stehrhaley.biz
Kallie,Moen,maximo_hoppe@rice.info
Meghan,Balistreri,sherman_schuppe@jerde.co
Viva,Koelpin,green.blanda@friesen.org
August,Ortiz,jackeline@dickensfunk.net
Maxime,Lang,horace.dietrich@ward.co
Courtney,Breitenberg,abner@glover.info
Alexzander,Abbott,terrance@cormier.biz
Paxton,Terry,jerel.schiller@stracke.biz
Grady,Schmidt,chase@reynoldskoepp.com
Benton,Ernser,sandy_goldner@denesik.co
Pearline,Brown,paula@cormiergreen.com
Gerry,Bayer,felicia@brakusmayert.io
Kaden,Metz,aileen@lockmangerlach.net
Ward,Rodriguez,augustine.ratke@colekertzmann.name
Gisselle,Brekke,kenyon.ruecker@runolfon.biz
Santos,Anderson,angelita.swift@schinnercrona.net
Elvera,DuBuque,ashley@hyatt.com
Zakary,Bauch,anibal.tillman@okunevanolan.biz
Dario,Weber,pauline@kozeybatz.co
Alexandrea,Schaden,beulah@donnelly.com
Ethel,Hermiston,flavie_greenholt@terryokon.biz
Albin,Bogan,octavia.reichel@ankunding.name
Patrick,Jast,janelle@schambergerskiles.co
Alf,Boehm,helene@heller.biz
Roderick,Schulist,lois@grant.io
Edna,Marks,kali.herzog@ward.com
Jerrod,Runolfsson,gwen@sawayn.biz
Stewart,Goyette,garth_sporer@pfannerstill.io
Gardner,Blanda,kim@wolff.name
Rodger,Hudson,mikel_schulist@marvin.org
Elbert,Stokes,rogers@hettinger.co
Hermann,Orn,lexus.robel@andersonbergnaum.net
Yvonne,Robel,susan.emard@hettingerkuvalis.info
Nicolas,Bauch,marcel_schroeder@spencer.io
Rickey,Nader,elroy@mraz.info
Anastacio,Daniel,carter@wizaschumm.info
Camylle,Bruen,roberta_schamberger@ebert.biz
Katrina,Gulgowski,norberto_greenholt@feest.net
Ethyl,Schmidt,jeremy@wilkinson.biz
Wilfred,Lesch,agnes.jaskolski@lebsack.biz
Cedrick,Tromp,dewitt_macejkovic@daniel.com
Zachariah,Schinner,roberto@lowemraz.biz
Orpha,Hauck,glenda.powlowski@reichert.io
Naomie,Kassulke,alana@langoshsawayn.org
Misael,Thiel,giovanni@reynolds.co
Jerod,Ullrich,alycia.beer@murphy.com
Johanna,Ondricka,adonis@mills.biz
Maud,Mitchell,rocio@balistreri.io
Manuela,Koepp,aiyana_barrows@dooley.net
Alverta,Turcotte,giovanni.raynor@cartwrightruel.org
Sonia,Considine,arnold.harris@graham.com
Malachi,Stroman,landen.ebert@ullrichhilpert.com
Noah,Upton,toni.stroman@schroeder.io
Fiona,Paucek,wyatt@medhurstjacobs.com
Presley,Swaniawski,armand@heel.org
Stanton,Abshire,deangelo.gottlieb@dachschaden.org
Rebekah,Greenfelder,wilfrid@ortiz.co
Scottie,Deckow,larue@schumm.com
Amir,Huels,earnest@mcglynn.org
Janis,Runolfsdottir,dina.cummerata@heidenreichnicolas.org
Sim,Terry,deven@casper.net
Antoinette,Walker,beau@lemkeratke.net
Giovanni,Howe,nakia@vonruedenhermiston.info
Marge,Parisian,quincy@uptonturner.name
Willa,Emard,bernard_rath@bruenwisozk.name
Van,Kiehn,cyrus.yundt@hegmann.com
Leon,Hessel,gene@gutmann.net
Harrison,Mills,juvenal@hartmann.biz
Natalie,Parisian,jaquelin@pfannerstill.com
Aron,Hermiston,claude_macejkovic@gibson.com
Idell,Feest,bobbie_osinski@kertzmann.io
Dylan,Halvorson,roman@labadie.io
Dan,Cummings,velva_simonis@gerlach.net
Ethyl,Prohaska,frieda@schowalterkemmer.co
Katrine,Grady,nakia.cartwright@beahan.io
Alia,Murray,alysa@skiles.biz
Billie,Klocko,joshuah@boyer.org
Gaetano,Blanda,tremayne.vandervort@parker.name
Eda,Buckridge,wilber@connelly.info
August,Schuppe,sierra@von.biz
Elian,Stokes,omer@colezieme.name
Dulce,Bednar,gunner@koeppjohnston.io
Manuela,Fay,naomie@effertzblanda.org
Constance,Bartoletti,autumn_schoen@borerdibbert.biz
Adrien,Crooks,jarvis@corkery.biz
Thad,West,loyce@cummingshegmann.name
Cecil,Haag,brady@koch.io
Carolanne,Denesik,gennaro_heathcote@ritchie.co
Lou,Rice,geoffrey_bailey@kub.net
Nya,Reynolds,eldridge_schamberger@legros.net
Rhiannon,Romaguera,norris@haagdare.biz
Jerrell,Barton,amara@farrell.com
Clare,Baumbach,georgianna.kuhlman@ryan.biz
Merlin,Bergstrom,alfredo@colliermitchell.net
Arch,Crooks,mohammad.frami@hoegerbecker.name
Anya,Heller,una@prohaskakeeling.name
Mallie,Brekke,garry.mcdermott@welchdietrich.co
Jaiden,Gutkowski,precious@heathcote.io
Lauretta,Schinner,kitty@lind.info
Berneice,Johnston,joesph_koch@waters.info
Rex,Marks,ted@marquardt.biz
Kory,Zboncak,bennett@rodriguezbartoletti.io
Antonia,Auer,rhea@farrell.io
